{"cameraMode":{"drawMode":0,"name":"Shaded","section":"Shading Mode"},"sceneLighting":true,"audioPlay":false,"sceneViewState":{"m_AlwaysRefresh":false,"showFog":true,"showSkybox":true,"showFlares":true,"showImageEffects":true,"showParticleSystems":true,"showVisualEffectGraphs":true,"m_FxEnabled":true},"in2DMode":false,"pivot":{"x":117.55424499511719,"y":138.34420776367188,"z":346.0984802246094},"rotation":{"x":-0.034571487456560138,"y":-0.6729613542556763,"z":-0.03151925653219223,"w":0.7382013201713562},"size":346.5663146972656,"orthographic":false}